fy,agency,name,period
FY22,AHS,Ira Ibragimova,Nov 22
FY22,AHS,Mariya Polevyy-Bitk,Nov 22
FY22,AHS,Geslie Morancy,Nov 22
FY22,EC,Regina Mashkabova,Nov 22
FY22,EC,Noelia Mercado,Nov 22
FY23,AHS,Umida Makhmudova,Jan 23
FY23,AHS,Santa Eusebio,Jan 23
FY23,AHS,Aigul Kasieva,Jan 23
FY23,AHS,Ruth Simmonds,Jan 23
FY23,AHS,Rosa Hernandez,Jan 23
FY23,EC,Ola Ettwa,May 23
FY23,EC,Nadine Louis,May 23
FY23,EC,Vaidwattie Mangal,May 23
FY23,EC,Sabah Eldilemi,May 23
FY23,EC,Rami Motiyr,May 23
FY23,AHS,Mavjuda Gulyamova,Jul 23
FY23,AHS,Cincerely Wright,Jul 23
FY23,AHS,Shahnoza Murtazakulova,Jul 23
FY23,AHS,Hanna Shtybel,Jul 23
FY23,AHS,Geslie Morancy,Jul 23
FY23,EC,Diana Husremovic,Sep 23
FY23,EC,Linda Sukhoo,Sep 23
FY23,EC,Yanis Lopez,Sep 23
FY23,EC,Socorro Tavarez De Santana,Sep 23
FY23,EC,Ana Matias Raposo,Sep 23
FY24,AHS,Blanca Ayala Huerta De Ramos,Jan 24
FY24,AHS,Ilda Arias,Jan 24
FY24,AHS,Taramatie Gangadin,Jan 24
FY24,AHS,Luisa Liriano de Castro,Jan 24
FY24,AHS,Shante Jackson,Jan 24
FY24,EC,Ola Ettwa,Apr 24
FY24,EC,Alex Similus,Apr 24
FY24,EC,Joel Jimenez,Apr 24
FY24,EC,Yazmin Santos,Apr 24
FY24,EC,Mona Sarhan,Apr 24
FY24,AHS,Daphine Smith,Jul 24
FY24,AHS,Juana Tejeda,Jul 24
FY24,AHS,Kamila Nabieva,Jul 24
FY24,AHS,Paulina Gwozdz,Jul 24
FY24,AHS,Ebtisam Alomaisi,Jul 24
FY24,EC,Yvette Taveras,Oct 24
FY24,EC,Lilawattie Arjune,Oct 24
FY24,EC,Fareeda Nicholas,Oct 24
FY24,EC,Fatma Ali,Oct 24
FY24,EC,Mariam Moustafa,Oct 24
